title,director,release_date
旺卡,保羅 金,2023-12-8
水行俠-失落王國,James Wan,2023-12-19
銀翼殺手,雷德利·史考特,1982-06-25
星際大戰,喬治·盧卡斯,1977-05-25
肖申克的救贖,弗蘭克·達拉邦特,1994-09-23
哈利波特與魔法石,克里斯·哥倫布,2001-11-16
黑暗騎士,克里斯托弗·諾蘭,2008-07-14
阿凡達,詹姆斯·卡馬隆,2009-12-18
哈比人：意外之旅,彼得·傑克森,2012-11-28
花樣年華,王家衛,2000-09-29
king,p5,2024-01-01
yellow,1989,1999-02-02
